Workbook
Name Client: [1]Base!$A$3:$A$11

Sheet Questionnaire
B2: Test des drivers
B4: Votre nom : | D4: x | E4: =+TODAY() -> 45359
B6: Répondez aux 50 questions et imprimez l'onglet Histogramme
B7: Ce n'est pas moi > 0 C'est peut-être moi > 1 C'est quelques fois moi > 2 C'est souvent moi > 3 C'est tout à fait moi > 4
B8: Questions | F8: Réponses
B9: 1 | C9: J'ai toujours l'impression de me battre contre la montre
B10: =+B9+1 -> 2 | C10: Je pense que l'effort est plus important que le résultat
B11: =+B10+1 -> 3 | C11: Je pense que dans la vie je dois me débrouiller tout seul
B12: =+B11+1 -> 4 | C12: Pour commencer une tâche, il me faut toutes les informations
B13: =+B12+1 -> 5 | C13: Il est important que les autres soient bien disposés à mon égard
B14: =+B13+1 -> 6 | C14: Le stress me dope
B15: =+B14+1 -> 7 | C15: J'ai toujours peur de ne pas être à la hauteur
B16: =+B15+1 -> 8 | C16: Je suis très exigeant envers moi-même et les autres
B17: =+B16+1 -> 9 | C17: Pour être satisfait, je dois exceller
B18: =+B17+1 -> 10 | C18: Pour être aimé, je rends service plus que la moyenne
B19: =+B18+1 -> 11 | C19: Je ne peux déléguer car les autres sont trop lents
B20: =+B19+1 -> 12 | C20: Je dois dépenser beaucoup d'énergie pour faire les choses
B21: =+B20+1 -> 13 | C21: Je n'exprime pas mes émotions
... B58: =+B57+1 -> 50 | C58: En répondant à ces questiions, je me demande si les réponses correspondent bien à ce qu'on attend de moi

Sheet Résultats
B8: Drivers | C8: Résultats
B9: Fais plaisir | C9: {=+SUM(SUMIF(Questionnaire!B9:B58,Tableau!F3:F12,Questionnaire!F9:F58))} -> 0
B10: Fais des efforts | C10: {=SUM(SUMIF(Questionnaire!B9:B58,Tableau!G3:G12,Questionnaire!F9:F58))} -> 0
B11: Fais vite | C11: {=SUM(SUMIF(Questionnaire!B9:B58,Tableau!H3:H12,Questionnaire!F9:F58))} -> 0
B12: Sois parfait | C12: {=SUM(SUMIF(Questionnaire!B9:B58,Tableau!I3:I12,Questionnaire!F9:F58))} -> 0
B13: Sois Fort | C13: {=SUM(SUMIF(Questionnaire!B9:B58,Tableau!E3:E12,Questionnaire!F9:F58))} -> 0

Sheet Tableau
E2: Sois Fort | F2: Fais plaisir | G2: Fais des efforts | H2: Fais vite | I2: Sois parfait
B3: Ce n'est pas moi | C3: 0 | E3: 3 | F3: 5 | G3: 2 | H3: 1 | I3: 4
B4: C'est peut-être moi | C4: 1 | E4: =+E3+5 -> 8 | F4: =+F3+5 -> 10 | G4: =+G3+5 -> 7 | H4: =+H3+5 -> 6 | I4: =+I3+5 -> 9
B5: C'est quelques fois moi | C5: 2 | E5: 13 | F5: =+F4+5 -> 15 | G5: =+G4+5 -> 12 | H5: =+H4+5 -> 11 | I5: =+I4+5 -> 14
B6: C'est souvent moi | C6: 3 | E6: 18 | F6: =+F5+5 -> 20 | G6: =+G5+5 -> 17 | H6: =+H5+5 -> 16 | I6: =+I5+5 -> 19
B7: C'est tout à fait moi | C7: 4 | E7: 23 | F7: =+F6+5 -> 25 | G7: =+G6+5 -> 22 | H7: =+H6+5 -> 21 | I7: =+I6+5 -> 24
E8: 28 | F8: =+F7+5 -> 30 | G8: =+G7+5 -> 27 | H8: =+H7+5 -> 26 | I8: =+I7+5 -> 29
E9: 33 | F9: =+F8+5 -> 35 | G9: =+G8+5 -> 32 | H9: =+H8+5 -> 31 | I9: =+I8+5 -> 34
E10: 38 | F10: =+F9+5 -> 40 | G10: =+G9+5 -> 37 | H10: =+H9+5 -> 36 | I10: =+I9+5 -> 39
E11: 43 | F11: =+F10+5 -> 45 | G11: =+G10+5 -> 42 | H11: =+H10+5 -> 41 | I11: =+I10+5 -> 44
E12: 48 | F12: =+F11+5 -> 50 | G12: =+G11+5 -> 47 | H12: =+H11+5 -> 46 | I12: =+I11+5 -> 49
B14: CRTL-MAJ-Entrée pour les accolades

Sheet Histogramme
B3: Test des drivers
B5: Votre nom : | D5: =+Questionnaire!D4 -> x | E5: =+TODAY() -> 45359
